{
  "ukraine": {
    "neg": 0.12904761904761905,
    "neu": 0.8084285714285715,
    "pos": 0.06238095238095237,
    "compound": -0.9043190476190475
  },
  "gaza": {
    "neg": 0.15047058823529413,
    "neu": 0.7937058823529411,
    "pos": 0.055764705882352945,
    "compound": -0.9922588235294119
  }
}